,Supplier_Lead_Time,Inventory_Levels,Order_Frequency,Delivery_Performance,Cost_Per_Unit
Supplier_Lead_Time,1.0,0.34991958036789783,-0.8948264791129885,-0.9155515118995595,0.959501015076
Inventory_Levels,0.34991958036789783,1.0,-0.34732999138933446,-0.3840274967615133,0.3650771936065167
Order_Frequency,-0.8948264791129885,-0.34732999138933446,1.0,0.8381602492464396,-0.8424370861844779
Delivery_Performance,-0.9155515118995595,-0.3840274967615133,0.8381602492464396,1.0,-0.9128481882543358
Cost_Per_Unit,0.959501015076,0.3650771936065167,-0.8424370861844779,-0.9128481882543358,1.0
